cn_code,product_group,cbam_covered,eu_default_intensity_tco2e_per_t,eu_benchmark_intensity_tco2e_per_t,notes
7208,Iron & Steel - flat rolled,Yes,2.86,1.33,Default applies when embedded emissions are unverified
7326,Iron & Steel - other articles,Yes,2.95,1.33,Downstream article; precursor emissions included
7318,"Iron & Steel - screws, bolts",Yes,2.95,1.33,Downstream article; precursor emissions included
7601,Aluminium - unwrought,Yes,12.4,1.51,Direct + indirect (electricity) emissions in scope
7604,"Aluminium - bars, rods, profiles",Yes,12.4,1.51,Direct + indirect (electricity) emissions in scope
2523,Cement - portland/clinker,Yes,0.88,0.69,Process emissions from calcination dominate
3102,Fertilisers - nitrogenous,Yes,2.36,1.62,Ammonia/nitric acid route drives intensity
8483,Machinery - transmission shafts,No,,,Outside CBAM Annex I scope
3920,Plastics - sheets and film,No,,,Outside CBAM Annex I scope
